WACC,Term_margin,Required_2027_growth,Req_rev_2035_USDm,Required_CAGR_2026_2035,Req_rev_2035_USDbn
0.1,0.2,1.295217129205135,60190.22945641142,0.6403496862170024,60.19022945641142
0.1,0.28,1.0213183341871566,30341.303542985057,0.5201337435420652,30.341303542985056
0.1,0.35,0.8855474377050023,21036.819380682628,0.45951685707146783,21.036819380682626
0.1,0.4,0.8351736180878568,18270.730139593266,0.4368334475433018,18.270730139593265
0.1,0.5,0.7547984945408464,14500.725210653542,0.4004081559155461,14.500725210653542
0.115,0.2,1.5267082170653814,102382.58825637437,0.7400822820000721,102.38258825637436
0.115,0.28,1.1932058567376833,46999.47044596998,0.595877075002867,46.999470445969976
0.115,0.35,1.0604794020409813,33604.261633062124,0.5374843433577163,33.60426163306212
0.115,0.4,0.9984181424759901,28562.019837612257,0.5099607311273731,28.562019837612258
0.115,0.5,0.8985976532928004,21809.170358706582,0.4653757884125522,21.80917035870658
0.13,0.2,1.767058729941542,170947.09237026348,0.8420740111486338,170.94709237026348
0.13,0.28,1.3668182528072381,71243.44441797206,0.6713671969461592,71.24344441797206
0.13,0.35,1.2264516513526145,50994.3410140826,0.6104082760292118,50.9943410140826
0.13,0.4,1.151553272496907,42375.652011581114,0.5776186775674239,42.37565201158112
0.13,0.5,1.0235340328669817,30518.383970747753,0.5211169659519599,30.518383970747752
0.135,0.2,1.8507512527667416,202676.2684584524,0.8772528061562623,202.6762684584524
0.135,0.28,1.4313367376514186,82653.48314475923,0.6991837523349622,82.65348314475924
0.135,0.35,1.2806797133913208,58135.90160350012,0.6340325671770568,58.135901603500116
0.135,0.4,1.2011858993942544,47933.00124006381,0.5993683929802383,47.93300124006381
0.135,0.5,1.0638935825206053,33902.456801685854,0.5389943115270126,33.90245680168585
0.15,0.2,2.1176204117793693,340088.892322294,0.9883799654771324,340.088892322294
0.15,0.28,1.6273242809449249,127459.18750703255,0.7829594093540153,127.45918750703255
0.15,0.35,1.4419026188702824,84664.08767769432,0.7037274964635938,84.66408767769431
0.15,0.4,1.3474903348754053,68100.69868774439,0.6630099068672222,68.10069868774438
0.15,0.5,1.1822627676256032,45744.69225530393,0.5910859107423441,45.74469225530393
0.17,0.2,2.5272088926253193,705120.4399307994,1.1561800793999448,705.1204399307994
0.17,0.28,1.9003897609095755,223793.7636673964,0.8980408226415806,223.79376366739638
0.17,0.35,1.65704647556637,135809.1063503401,0.7955744951906569,135.8091063503401
0.17,0.4,1.5312963338995296,103425.78163738901,0.742043416583827,103.42578163738901
0.17,0.5,1.335852645285077,66266.42758037343,0.6579723357872302,66.26642758037343
0.2,0.2,3.7339638792132774,4292523.000548179,1.635397111850751,4292.523000548179
0.2,0.28,2.3572912198342593,525647.3127730393,1.086943598634952,525.6473127730393
0.2,0.35,1.9857436522793783,264553.47375711607,0.9336572333345148,264.5534737571161
0.2,0.4,1.801420271842424,183413.44813061654,0.8565373111017529,183.41344813061653
0.2,0.5,1.5620550758878466,110658.35700018772,0.7551760590735574,110.65835700018772
