ts_code,trade_date,open,high,low,close,pre_close,change,pct_chg,vol,amount
TSLA,20260102,457.8,458.34,435.3,438.07,,,,85535400.0,37470493304.48
TSLA,20260105,447.99,457.55,444.57,451.67,438.07,13.6,3.104528,67940800.0,30686822048.29
TSLA,20260106,446.38,448.25,428.78,432.96,451.67,-18.71,-4.14241,89093800.0,38574050886.7
TSLA,20260107,435.9,438.37,431.29,431.41,432.96,-1.55,-0.357998,59828800.0,25810742827.1
TSLA,20260108,427.89,436.89,424.37,435.8,431.41,4.39,1.01759,57041100.0,24858510683.7
TSLA,20260109,435.95,449.05,430.39,445.01,435.8,9.21,2.11336,67331500.0,29963191472.53
TSLA,20260112,441.23,454.3,438.0,448.96,445.01,3.95,0.887616,61649600.0,27678203889.21
TSLA,20260113,450.2,451.81,443.95,447.2,448.96,-1.76,-0.392012,53719200.0,24023226895.75
TSLA,20260114,442.81,443.91,434.22,439.2,447.2,-8.0,-1.788909,57259500.0,25148373098.97
TSLA,20260115,441.13,445.36,437.65,438.57,439.2,-0.63,-0.143444,49465800.0,21694216268.3
TSLA,20260116,439.5,447.25,435.26,437.5,438.57,-1.07,-0.243976,60220600.0,26346512500.0
TSLA,20260120,429.36,430.73,417.44,419.25,437.5,-18.25,-4.171429,63187300.0,26491275525.0
TSLA,20260121,421.66,438.2,419.62,431.44,419.25,12.19,2.907574,68124000.0,29391418726.32
TSLA,20260122,435.16,449.5,432.63,449.36,431.44,17.92,4.153528,71546700.0,32150224063.95
TSLA,20260123,447.43,452.43,444.04,449.06,449.36,-0.3,-0.066759,56771400.0,25493764745.4
TSLA,20260126,445.0,445.04,434.28,435.2,449.06,-13.86,-3.086444,49397400.0,21497749083.0
TSLA,20260127,437.41,437.52,430.69,430.9,435.2,-4.3,-0.988056,37733100.0,16259192559.7
TSLA,20260128,431.91,438.26,430.1,431.46,430.9,0.56,0.12996,54857400.0,23668773335.25
TSLA,20260129,437.8,440.23,414.62,416.56,431.46,-14.9,-3.453389,81686100.0,34027161616.57
TSLA,20260130,425.35,439.88,422.7,430.41,416.56,13.85,3.324853,82626100.0,35563100003.59
TSLA,20260202,421.29,427.15,414.5,421.81,430.41,-8.6,-1.998096,58739500.0,24776908351.59
TSLA,20260203,424.27,428.56,413.69,421.96,421.81,0.15,0.03556,56886500.0,24003827053.91
TSLA,20260204,420.46,423.9,399.18,406.01,421.96,-15.95,-3.779975,74606900.0,30291148197.58
TSLA,20260205,397.02,402.1,387.53,397.21,406.01,-8.8,-2.167439,72819800.0,28924752135.76
TSLA,20260206,400.87,414.55,397.75,411.11,397.21,13.9,3.499407,62677100.0,25767181662.88
TSLA,20260209,409.91,421.25,407.29,417.32,411.11,6.21,1.51055,54484300.0,22737388475.05
TSLA,20260210,418.08,427.25,417.0,425.21,417.32,7.89,1.890632,64450200.0,27404868991.28
TSLA,20260211,427.96,436.35,420.03,428.27,425.21,3.06,0.719644,57362000.0,24566423109.8
TSLA,20260212,430.3,436.23,414.0,417.07,428.27,-11.2,-2.615168,61933400.0,25830563591.61
TSLA,20260213,414.31,424.06,410.88,417.44,417.07,0.37,0.088713,51434100.0,21470650829.57
TSLA,20260217,412.36,413.72,400.51,410.63,417.44,-6.81,-1.631372,59678800.0,24505905935.4
TSLA,20260218,411.11,416.9,409.58,411.32,410.63,0.69,0.168035,45921400.0,18888390584.34
TSLA,20260219,407.25,415.25,404.11,411.71,411.32,0.39,0.094813,51019600.0,21005279080.04
TSLA,20260220,408.3,414.7,405.5,411.82,411.71,0.11,0.026722,57912200.0,23849402628.16
TSLA,20260223,407.29,407.7,394.04,399.83,411.82,-11.99,-2.911471,69680000.0,27860153464.36
TSLA,20260224,399.5,410.82,397.64,409.38,399.83,9.55,2.38852,58579500.0,23981275996.03
TSLA,20260225,412.15,420.34,412.15,417.4,409.38,8.02,1.959057,54809700.0,22877568445.47
TSLA,20260226,414.42,416.81,403.66,408.58,417.4,-8.82,-2.113083,53602500.0,21900908730.24
TSLA,20260227,402.94,407.12,398.11,402.51,408.58,-6.07,-1.485628,56890100.0,22898834706.57
TSLA,20260302,390.6,404.54,388.25,403.32,402.51,0.81,0.201237,55088300.0,22218213559.48
TSLA,20260303,395.09,396.34,385.39,392.43,403.32,-10.89,-2.700093,62617300.0,24572906580.38
TSLA,20260304,397.85,408.33,394.58,405.94,392.43,13.51,3.442655,68305500.0,27727934836.76
TSLA,20260305,401.57,408.62,399.42,405.55,405.94,-0.39,-0.096077,51925900.0,21058548111.14
TSLA,20260306,398.09,402.35,394.21,396.73,405.55,-8.82,-2.174819,64054600.0,25412382161.72
TSLA,20260309,390.05,401.59,381.4,398.68,396.73,1.95,0.491514,67018900.0,26719094561.14
TSLA,20260310,402.22,406.59,398.19,399.24,398.68,0.56,0.140463,59258700.0,23658442809.3
TSLA,20260311,402.28,416.38,402.15,407.82,399.24,8.58,2.149088,62559900.0,25513178876.2
TSLA,20260312,405.18,406.5,394.65,395.01,407.82,-12.81,-3.141091,60973800.0,24085261333.45
TSLA,20260313,399.17,400.2,389.95,391.2,395.01,-3.81,-0.964532,58504100.0,22886804634.16
TSLA,20260316,396.22,403.73,394.42,395.56,391.2,4.36,1.114516,58068300.0,22969496606.23
TSLA,20260317,395.69,400.12,393.0,399.27,395.56,3.71,0.937909,46890500.0,18721969419.85
TSLA,20260318,399.0,403.07,392.31,392.78,399.27,-6.49,-1.625464,50853100.0,19974080555.92
TSLA,20260319,387.27,387.27,378.73,380.3,392.78,-12.48,-3.177354,67078300.0,25509876671.17
TSLA,20260320,379.85,379.89,364.46,367.96,380.3,-12.34,-3.244806,78628600.0,28932178984.12
TSLA,20260323,373.09,385.33,372.73,380.85,367.96,12.89,3.503102,74606000.0,28413695555.36
TSLA,20260324,376.56,387.48,376.31,383.03,380.85,2.18,0.572402,60004900.0,22983676773.75
TSLA,20260325,389.99,396.23,385.01,385.95,383.03,2.92,0.762346,55157300.0,21287960608.31
TSLA,20260326,381.6,384.44,371.87,372.11,385.95,-13.84,-3.585964,55522900.0,20660625505.68
TSLA,20260327,369.69,369.86,359.47,361.83,372.11,-10.28,-2.762624,62065700.0,22457231397.6
TSLA,20260330,365.86,367.29,352.14,355.28,361.83,-6.55,-1.810239,67954400.0,24142839149.05
TSLA,20260331,361.51,373.33,361.0,371.75,355.28,16.47,4.635781,75534900.0,28080099075.0
TSLA,20260401,378.63,383.14,374.08,381.26,371.75,9.51,2.558173,58683800.0,22373786161.08
TSLA,20260402,364.2,370.28,359.03,360.59,381.26,-20.67,-5.421501,83031200.0,29940220103.93
TSLA,20260406,362.59,367.72,346.64,352.82,360.59,-7.77,-2.154799,77697600.0,27413267801.07
TSLA,20260407,346.44,348.02,337.24,346.65,352.82,-6.17,-1.748771,74515400.0,25830762955.19
TSLA,20260408,363.79,364.5,339.67,343.25,346.65,-3.4,-0.980815,78838600.0,27061349450.0
TSLA,20260409,343.15,348.88,337.25,345.62,343.25,2.37,0.690457,62164000.0,21485121376.46
TSLA,20260410,346.29,350.36,342.74,348.95,345.62,3.33,0.963491,51336000.0,17913697826.66
TSLA,20260413,350.07,356.35,348.57,352.42,348.95,3.47,0.994412,53617500.0,18895880069.96
TSLA,20260414,357.67,367.63,354.77,364.2,352.42,11.78,3.342602,59979600.0,21844571052.17
TSLA,20260415,366.83,394.65,362.5,391.95,364.2,27.75,7.61944,113810400.0,44607987669.29
TSLA,20260416,393.81,394.06,381.8,388.9,391.95,-3.05,-0.778165,63515100.0,24701022002.33
TSLA,20260417,395.92,409.28,391.65,400.62,388.9,11.72,3.013629,90640000.0,36312196357.42
TSLA,20260420,402.58,406.8,388.33,392.5,400.62,-8.12,-2.026857,64603900.0,25357030750.0
TSLA,20260421,393.0,393.95,385.22,386.42,392.5,-6.08,-1.549041,50530600.0,19526035130.51
TSLA,20260422,387.57,393.01,385.3,387.51,386.42,1.09,0.282076,62362800.0,24166209237.01
TSLA,20260423,375.28,386.0,368.39,373.72,387.51,-13.79,-3.55862,93969500.0,35118281654.71
TSLA,20260424,373.5,382.76,370.73,376.3,373.72,2.58,0.690353,62893300.0,23666748022.26
TSLA,20260427,372.09,380.78,364.02,378.67,376.3,2.37,0.629823,66735800.0,25270846282.11
TSLA,20260428,374.68,382.29,372.54,376.02,378.67,-2.65,-0.699824,50864400.0,19126031129.19
TSLA,20260429,375.4,376.4,370.04,372.8,376.02,-3.22,-0.856338,45384800.0,16919452885.99
TSLA,20260430,372.75,384.75,368.17,381.63,372.8,8.83,2.368567,51076000.0,19492134129.39
TSLA,20260501,382.49,397.82,378.8,390.82,381.63,9.19,2.408092,65338300.0,25535514884.55
TSLA,20260504,390.23,394.64,384.8,392.51,390.82,1.69,0.432425,48765100.0,19140789877.22
TSLA,20260505,395.19,402.12,389.0,389.37,392.51,-3.14,-0.799983,47780600.0,18604331988.7
TSLA,20260506,386.25,401.68,384.02,398.73,389.37,9.36,2.403887,53465400.0,21318259529.39
TSLA,20260507,407.48,415.83,402.12,411.79,398.73,13.06,3.275399,64294200.0,26475709167.39
TSLA,20260508,416.48,431.2,416.39,428.35,411.79,16.56,4.021467,65050000.0,27864167897.03
TSLA,20260511,422.16,449.16,416.8,445.0,428.35,16.65,3.887007,78376100.0,34877364500.0
TSLA,20260512,441.41,447.8,422.26,433.45,445.0,-11.55,-2.595503,60569300.0,26253763824.37
TSLA,20260513,436.67,453.4,430.21,445.27,433.45,11.82,2.726953,68283200.0,30404459713.82
TSLA,20260514,446.49,451.98,441.16,443.3,445.27,-1.97,-0.442428,46070400.0,20423007757.62
TSLA,20260515,433.98,434.66,422.0,422.24,443.3,-21.06,-4.750733,52688700.0,22247276173.46
TSLA,20260518,419.27,421.13,405.33,409.99,422.24,-12.25,-2.901194,52474200.0,21513896745.56
TSLA,20260519,403.16,405.63,393.63,404.11,409.99,-5.88,-1.434183,46500600.0,18791356784.84
TSLA,20260520,407.6,417.46,406.39,417.26,404.11,13.15,3.254071,45294700.0,18899666964.33
TSLA,20260521,422.18,426.95,412.9,417.85,417.26,0.59,0.141398,42636900.0,17815828925.23
TSLA,20260522,422.67,431.51,420.51,426.01,417.85,8.16,1.952855,46104700.0,19641063697.24
TSLA,20260526,430.26,435.2,426.12,433.59,426.01,7.58,1.779298,45658900.0,19797242283.79
TSLA,20260527,442.89,445.6,435.52,440.36,433.59,6.77,1.56138,44656500.0,19664935685.85
TSLA,20260528,437.62,443.96,436.3,442.1,440.36,1.74,0.395136,32435000.0,14339513697.97
TSLA,20260529,439.85,441.07,428.14,435.79,442.1,-6.31,-1.427278,45176800.0,19687598058.03
TSLA,20260601,427.49,429.6,415.43,415.88,435.79,-19.91,-4.568715,44937900.0,18688774071.42
TSLA,20260602,418.22,424.42,413.65,423.74,415.88,7.86,1.889965,37596000.0,15930928672.85
TSLA,20260603,418.7,433.6,416.0,423.7,423.74,-0.04,-0.009435,44500700.0,18854947133.22
TSLA,20260604,419.84,426.35,417.16,418.45,423.7,-5.25,-1.239084,35323300.0,14781035316.19
TSLA,20260605,420.5,424.68,388.59,391.0,418.45,-27.45,-6.559926,63420200.0,24797298200.0
TSLA,20260608,396.33,412.94,394.72,408.95,391.0,17.95,4.590796,50328800.0,20581963374.37
TSLA,20260609,411.03,418.5,384.24,396.68,408.95,-12.27,-3.000371,59940200.0,23777078096.98
TSLA,20260610,391.54,397.09,380.15,381.59,396.68,-15.09,-3.804073,49695600.0,18963343822.01
TSLA,20260611,388.28,399.54,380.66,399.15,381.59,17.56,4.601797,45324300.0,18091194068.36
TSLA,20260612,399.49,406.68,386.76,406.43,399.15,7.28,1.823875,63514500.0,25814197769.81
TSLA,20260615,412.37,416.0,407.1,411.15,406.43,4.72,1.161332,45620500.0,18756868296.55
TSLA,20260616,404.11,412.42,400.54,404.66,411.15,-6.49,-1.578497,40255500.0,16289790777.42
TSLA,20260617,401.53,405.94,393.76,396.38,404.66,-8.28,-2.046162,43534300.0,17256126046.57
TSLA,20260618,398.1,402.52,384.7,400.49,396.38,4.11,1.03688,58384700.0,23382487932.84
TSLA,20260622,394.85,414.75,394.4,405.05,400.49,4.56,1.138605,47819500.0,19369287891.27
TSLA,20260623,392.61,392.87,379.06,381.61,405.05,-23.44,-5.786941,50420200.0,19240851783.42
TSLA,20260624,380.08,384.58,373.05,375.53,381.61,-6.08,-1.593246,37081400.0,13925178096.73
TSLA,20260625,375.27,379.12,371.22,375.12,375.53,-0.41,-0.10918,30138800.0,11305666508.84
TSLA,20260626,370.15,387.8,368.6,379.71,375.12,4.59,1.223607,53434100.0,20289461654.41
TSLA,20260629,381.79,413.27,379.3,411.84,379.71,32.13,8.461722,57645800.0,23740846060.89
TSLA,20260630,406.0,424.54,406.0,420.6,411.84,8.76,2.127042,43385600.0,18247983624.8
TSLA,20260701,421.46,432.86,418.09,425.3,420.6,4.7,1.117447,40127900.0,17066395380.16
TSLA,20260702,428.01,432.35,389.3,393.45,425.3,-31.85,-7.488826,73717700.0,29004229964.87
TSLA,20260706,397.5,420.0,390.5,419.77,393.45,26.319999999999997,6.69,54727860.0,22545861051.08
TSLA,20260707,416.96,419.56,401.88,402.9,419.77,-16.870000000000005,-4.02,38149903.0,15556088758.57
TSLA,20260708,399.38,399.63,390.51,394.06,402.9,-8.839999999999975,-2.19,33844907.0,13333340215.22
TSLA,20260709,393.99,407.86,390.86,406.55,394.06,12.490000000000007,3.17,37834989.0,15169863169.57
TSLA,20260710,410.49,413.16,402.81,407.76,406.55,1.2099999999999795,0.3,33409997.0,13669452370.37
TSLA,20260713,404.61,405.57,391.37,394.76,407.76,-13.0,-3.19,32809172.0,12962378582.36
TSLA,20260714,399.05,402.22,394.76,396.18,394.76,1.420000000000016,0.36,23384993.0,9292154884.46
TSLA,20260715,399.4,406.59,390.66,394.46,396.18,-1.7200000000000273,-0.43,31549805.0,12524926168.14
TSLA,20260716,392.35,395.31,385.32,391.06,394.46,-3.3999999999999773,-0.86,29269114.0,11426523662.69
TSLA,20260717,381.78,385.69,377.22,380.84,391.06,-10.220000000000027,-2.61,31394594.0,11977328952.83
TSLA,20260720,386.04,386.61,369.43,369.57,380.84,,,33901516.0,12676328071.05
TSLA,20260721,371.17,384.07,369.98,378.93,369.57,,,32735336.0,12419727554.8
TSLA,20260722,375.53,380.17,372.9,374.01,378.93,,,30646125.0,11535482781.43
TSLA,20260723,341.0,342.11,315.74,319.69,374.01,,,115606440.0,37500149956.32
TSLA,20260724,320.72,322.96,306.51,313.03,319.69,,,62760008.0,19570811026.69
