metric,2026H1,2025H1,unit,publication_date,information_cutoff,source_url,note
revenue,172.75,118.293,RMB_million,2026-08-25,2026-09-13,https://www1.hkexnews.hk/listedco/listconews/sehk/2026/0825/2026082500959.pdf,Interim results announcement; losses are positive magnitudes
deployment_revenue,113.803,87.908,RMB_million,2026-08-25,2026-09-13,https://www1.hkexnews.hk/listedco/listconews/sehk/2026/0825/2026082500959.pdf,Interim results announcement; losses are positive magnitudes
subscription_api_revenue,58.947,30.385,RMB_million,2026-08-25,2026-09-13,https://www1.hkexnews.hk/listedco/listconews/sehk/2026/0825/2026082500959.pdf,Interim results announcement; losses are positive magnitudes
gross_profit,95.001,64.537,RMB_million,2026-08-25,2026-09-13,https://www1.hkexnews.hk/listedco/listconews/sehk/2026/0825/2026082500959.pdf,Interim results announcement; losses are positive magnitudes
research_development_expense,119.34,75.076,RMB_million,2026-08-25,2026-09-13,https://www1.hkexnews.hk/listedco/listconews/sehk/2026/0825/2026082500959.pdf,Interim results announcement; losses are positive magnitudes
loss_for_period,87.654,116.104,RMB_million,2026-08-25,2026-09-13,https://www1.hkexnews.hk/listedco/listconews/sehk/2026/0825/2026082500959.pdf,Interim results announcement; losses are positive magnitudes
loss_attributable_to_owners,88.958,122.884,RMB_million,2026-08-25,2026-09-13,https://www1.hkexnews.hk/listedco/listconews/sehk/2026/0825/2026082500959.pdf,Interim results announcement; losses are positive magnitudes
adjusted_net_loss,52.92,75.084,RMB_million,2026-08-25,2026-09-13,https://www1.hkexnews.hk/listedco/listconews/sehk/2026/0825/2026082500959.pdf,Interim results announcement; losses are positive magnitudes
fvpl_financial_asset_gain,35.047,0.2,RMB_million,2026-08-25,2026-09-13,https://www1.hkexnews.hk/listedco/listconews/sehk/2026/0825/2026082500959.pdf,Interim results announcement; losses are positive magnitudes
